[
    {
        "page": 19,
        "유형": "빈칸 채우기",
        "question_data": {
            "question": "inode는 파일이 새로 생성되면 만들어지는 ___________",
            "answer": "internal representation of a file",
            "explanation": "inode는 Linux에서 파일을 관리하기 위한 객체로, 파일이 새로 생성될 때마다 만들어집니다. 이때 만들어지는 것이 'internal representation of a file'입니다."
        }
    },
    {
        "page": 4,
        "유형": "빈칸 채우기",
        "question_data": {
            "question": "디스크의 물리적 구성 요소에는 Head, ARM, Platter, Spindle, 그리고 ___________가 있다.",
            "answer": "Surface, Track, Sector, Cylinder",
            "explanation": "디스크의 물리적 구성 요소로는 Head, ARM, Platter, Spindle, Surface, Track, Sector, Cylinder 등이 있습니다."
        }
    },
    {
        "page": 2,
        "유형": "OX문제",
        "question_data": {
            "question": "inode를 통해 파일의 소유자 및 접근 권한 정보를 관리할 수 있다.",
            "choices": [
                "O",
                "X"
            ],
            "answer": "O",
            "explanation": "inode는 파일의 모든 정보를 관리하는 것에 포함되어 소유자 및 접근 권한 정보도 관리한다."
        }
    },
    {
        "page": 2,
        "유형": "주관식",
        "question_data": {
            "question": "파일을 관리하는 데 사용되는 객체는 무엇인가요?",
            "answer": "inode",
            "explanation": "inode는 Linux에서 파일을 관리하기 위해 사용되는 객체입니다."
        }
    },
    {
        "page": 9,
        "유형": "주관식",
        "question_data": {
            "question": "디스크의 물리적 구성 요소 중 데이터 전달 시간을 나타내는 용어는 무엇인가요?",
            "answer": "transmission time",
            "explanation": "데이터 전달 시간은 디스크의 물리적 구성 요소 중 하나로, 이는 디스크에서 데이터를 읽거나 쓰는 데 걸리는 시간을 나타냅니다."
        }
    },
    {
        "page": 19,
        "유형": "서술형",
        "question_data": {
            "question": "inode가 무엇인지와 어떤 역할을 하는지 설명해 주세요.",
            "answer": "inode는 index node의 줄임말로 리눅스에서 파일을 관리하는데 사용되는 객체를 가리킨다. 새로운 파일이 생성될 때마다 inode가 새로 생성된다. 파일의 모든 정보를 관리하는데, 파일에 속한 블록 위치, 파일 소유자 및 접근 권한, 파일 시간 정보, 파일 유형 등을 관리한다. 또한 커널은 정규 파일뿐만 아니라 디렉토리, 디바이스, 파이프, 소켓 등도 '파일'이라는 추상화 객체로 관리한다. inode는 디스크에 정적으로 존재한다.",
            "explanation": null
        }
    },
    {
        "page": 4,
        "유형": "서술형",
        "question_data": {
            "question": "파일 시스템의 구조와 부품에 대해 설명하시오.",
            "answer": "파일 시스템은 디스크의 각 파티션마다 존재하며, 4 부분으로 구성된다. 이 부분들은 boot, super block, inode, data blocks로 이루어져 있다. 이 구조는 mkfs, newfs 등의 명령으로 생성할 수 있다. 또한 파일 시스템에는 Bootstrap block, Super block, Inode blocks, Data blocks 등이 포함되어 있다. Bootstrap block은 커널 로딩 프로그램을 포함하고 있고, Super block은 파일 시스템 정보를 메모리에서 유지한다. Inode blocks는 inode 구조의 리스트를, Data blocks는 데이터 블록의 리스트를 포함하고 있다.",
            "explanation": null
        }
    }
]